{
    "root_group": {
        "path": "",
        "id": "d41d8cd98f00b204e9800998ecf8427e",
        "groups": {},
        "checks": {
                "status is 200": {
                    "name": "status is 200",
                    "path": "::status is 200",
                    "id": "6210a8cd14cd70477eba5c5e4cb3fb5f",
                    "passes": 990,
                    "fails": 20
                }
            },
        "name": ""
    },
    "metrics": {
        "http_req_duration{expected_response:true}": {
            "min": 50.97158,
            "med": 107.8048695,
            "max": 132.311754,
            "p(90)": 126.80412460000001,
            "p(95)": 128.60482059999998,
            "avg": 97.85828309494931
        },
        "http_req_tls_handshaking": {
            "avg": 0,
            "min": 0,
            "med": 0,
            "max": 0,
            "p(90)": 0,
            "p(95)": 0
        },
        "data_sent": {
            "count": 74740,
            "rate": 2467.655947003952
        },
        "iterations": {
            "count": 1010,
            "rate": 33.34670198653989
        },
        "http_reqs": {
            "count": 1010,
            "rate": 33.34670198653989
        },
        "vus": {
            "value": 10,
            "min": 10,
            "max": 10
        },
        "http_req_blocked": {
            "avg": 0.012044753465346527,
            "min": 0.0025,
            "med": 0.0069,
            "max": 0.6048,
            "p(90)": 0.0104,
            "p(95)": 0.0136
        },
        "vus_max": {
            "value": 10,
            "min": 10,
            "max": 10
        },
        "http_req_waiting": {
            "med": 107.82257050000001,
            "max": 132.211354,
            "p(90)": 126.80911110000001,
            "p(95)": 128.63013465,
            "avg": 98.08571397722775,
            "min": 50.89788
        },
        "data_received": {
            "rate": 7620.21665197367,
            "count": 230800
        },
        "http_req_receiving": {
            "max": 1.191302,
            "p(90)": 0.12751,
            "p(95)": 0.15051,
            "avg": 0.10316990594059401,
            "min": 0.0177,
            "med": 0.0999495
        },
        "http_req_duration": {
            "avg": 98.2198038851484,
            "min": 50.97158,
            "med": 107.9386575,
            "max": 132.311754,
            "p(90)": 126.9780052,
            "p(95)": 128.77015465,
            "thresholds": {
                "p(95)<500": false
            }
        },
        "http_req_failed": {
            "passes": 20,
            "fails": 990,
            "thresholds": {
                "rate<0.05": false
            },
            "value": 0.019801980198019802
        },
        "checks": {
            "passes": 990,
            "fails": 20,
            "value": 0.9801980198019802
        },
        "iteration_duration": {
            "p(95)": 329.696972,
            "avg": 298.98941667029703,
            "min": 251.188699,
            "med": 308.74058149999996,
            "max": 333.724686,
            "p(90)": 327.6706692
        },
        "http_req_connecting": {
            "max": 0.5199,
            "p(90)": 0,
            "p(95)": 0,
            "avg": 0.0033272277227722772,
            "min": 0,
            "med": 0
        },
        "http_req_sending": {
            "avg": 0.03092000198019799,
            "min": 0.0058,
            "med": 0.01925,
            "max": 0.290399,
            "p(90)": 0.0567,
            "p(95)": 0.06370999999999999
        }
    }
}