{
    "root_group": {
        "name": "",
        "path": "",
        "id": "d41d8cd98f00b204e9800998ecf8427e",
        "groups": {},
        "checks": {
                "status is 200": {
                    "name": "status is 200",
                    "path": "::status is 200",
                    "id": "6210a8cd14cd70477eba5c5e4cb3fb5f",
                    "passes": 930,
                    "fails": 21
                }
            }
    },
    "metrics": {
        "data_sent": {
            "rate": 2328.734923668052,
            "count": 70374
        },
        "http_req_blocked": {
            "p(90)": 0.0103,
            "p(95)": 0.012750000000000001,
            "avg": 0.012989801261829664,
            "min": 0.0021,
            "med": 0.0073,
            "max": 0.794
        },
        "http_req_sending": {
            "avg": 0.029417035751840175,
            "min": 0.0076,
            "med": 0.0194,
            "max": 0.2177,
            "p(90)": 0.0563,
            "p(95)": 0.06
        },
        "iteration_duration": {
            "avg": 316.87250626077855,
            "min": 301.251886,
            "med": 316.838558,
            "max": 333.778905,
            "p(90)": 328.798603,
            "p(95)": 330.5539635
        },
        "vus_max": {
            "value": 10,
            "min": 10,
            "max": 10
        },
        "http_req_tls_handshaking": {
            "avg": 0,
            "min": 0,
            "med": 0,
            "max": 0,
            "p(90)": 0,
            "p(95)": 0
        },
        "http_req_receiving": {
            "max": 0.4256,
            "p(90)": 0.1238,
            "p(95)": 0.14525,
            "avg": 0.10416109779179808,
            "min": 0.0167,
            "med": 0.1036
        },
        "iterations": {
            "count": 951,
            "rate": 31.46939086037908
        },
        "http_req_failed": {
            "passes": 21,
            "fails": 930,
            "thresholds": {
                "rate<0.05": false
            },
            "value": 0.022082018927444796
        },
        "vus": {
            "min": 10,
            "max": 10,
            "value": 10
        },
        "checks": {
            "passes": 930,
            "fails": 21,
            "value": 0.9779179810725552
        },
        "http_req_duration": {
            "avg": 116.08659520189275,
            "min": 100.656529,
            "med": 115.977213,
            "max": 131.762876,
            "p(90)": 128.233279,
            "p(95)": 129.752971,
            "thresholds": {
                "p(95)<500": false
            }
        },
        "http_req_waiting": {
            "max": 131.647676,
            "p(90)": 128.087179,
            "p(95)": 129.6284565,
            "avg": 115.95301706834907,
            "min": 100.563929,
            "med": 115.813075
        },
        "http_reqs": {
            "count": 951,
            "rate": 31.46939086037908
        },
        "http_req_connecting": {
            "avg": 0.004518296529968455,
            "min": 0,
            "med": 0,
            "max": 0.7114,
            "p(90)": 0,
            "p(95)": 0
        },
        "data_received": {
            "count": 217374,
            "rate": 7193.088715966395
        },
        "http_req_duration{expected_response:true}": {
            "p(90)": 128.23465480000002,
            "p(95)": 129.80826135,
            "avg": 116.0517232344086,
            "min": 100.656529,
            "med": 115.963048,
            "max": 131.762876
        }
    }
}