{
    "metrics": {
        "vus": {
            "min": 10,
            "max": 10,
            "value": 10
        },
        "http_req_duration": {
            "avg": 84.85898337855782,
            "min": 51.107721,
            "med": 73.3566835,
            "max": 428.987089,
            "p(90)": 121.1811837,
            "p(95)": 126.88229905,
            "thresholds": {
                "p(95)<500": false
            }
        },
        "http_req_blocked": {
            "avg": 0.012357589184060718,
            "min": 0.0024,
            "med": 0.007350000000000001,
            "max": 1.1701,
            "p(90)": 0.0102,
            "p(95)": 0.014339999999999964
        },
        "http_req_receiving": {
            "avg": 0.10104704554079696,
            "min": 0.0182,
            "med": 0.09945000000000001,
            "max": 0.7446,
            "p(90)": 0.1249,
            "p(95)": 0.13634999999999992
        },
        "checks": {
            "passes": 1044,
            "fails": 10,
            "value": 0.9905123339658444
        },
        "http_reqs": {
            "count": 1054,
            "rate": 34.81941008711694
        },
        "http_req_failed": {
            "passes": 10,
            "fails": 1044,
            "thresholds": {
                "rate<0.05": false
            },
            "value": 0.009487666034155597
        },
        "http_req_connecting": {
            "max": 1.0061,
            "p(90)": 0,
            "p(95)": 0,
            "avg": 0.0033328273244781783,
            "min": 0,
            "med": 0
        },
        "data_sent": {
            "count": 77996,
            "rate": 2576.636346446654
        },
        "data_received": {
            "count": 240572,
            "rate": 7947.414728157398
        },
        "http_req_tls_handshaking": {
            "med": 0,
            "max": 0,
            "p(90)": 0,
            "p(95)": 0,
            "avg": 0,
            "min": 0
        },
        "http_req_sending": {
            "p(95)": 0.06043999999999996,
            "avg": 0.03120217931688805,
            "min": 0.0061,
            "med": 0.0194,
            "max": 0.465,
            "p(90)": 0.05657
        },
        "iterations": {
            "count": 1054,
            "rate": 34.81941008711694
        },
        "http_req_duration{expected_response:true}": {
            "max": 428.987089,
            "p(90)": 121.0617153,
            "p(95)": 126.86149074999999,
            "avg": 84.57697604693485,
            "min": 51.107721,
            "med": 73.268178
        },
        "iteration_duration": {
            "avg": 285.65670410436434,
            "min": 251.781903,
            "med": 274.279098,
            "max": 630.110136,
            "p(90)": 322.10100880000005,
            "p(95)": 327.72456674999995
        },
        "vus_max": {
            "min": 10,
            "max": 10,
            "value": 10
        },
        "http_req_waiting": {
            "avg": 84.7267341537001,
            "min": 51.011521,
            "med": 73.23199,
            "max": 428.773189,
            "p(90)": 121.06429370000001,
            "p(95)": 126.76932495
        }
    },
    "root_group": {
        "checks": {
            "status is 200": {
                "fails": 10,
                "name": "status is 200",
                "path": "::status is 200",
                "id": "6210a8cd14cd70477eba5c5e4cb3fb5f",
                "passes": 1044
            }
        },
        "name": "",
        "path": "",
        "id": "d41d8cd98f00b204e9800998ecf8427e",
        "groups": {}
    }
}